<?xml version="1.0" encoding="UTF-8" ?>
<schema version="1.5">
  <fields>
    <field name="hasURI" type="string" indexed="true" stored="true"/>
    <field name="a" type="string" indexed="true" docValues="true" />
    <field name="rdfslabel" type="string" indexed="true" docValues="true" />
    <field name="hascoisSampleOf" type="string" indexed="true" docValues="true" />
    <field name="hascoisMeasuredObjectOf" type="string" indexed="true" docValues="true" />
    <field name="rdfscomment" type="string" indexed="true" docValues="true" />
    <field name="hascohasSamplingMethod" type="string" indexed="true" docValues="true" />
    <field name="hascohasSamplingVolume" type="string" indexed="true" docValues="true" />
    <field name="hascohasSamplingVolumeUnit" type="string" indexed="true" docValues="true" />
    <field name="hascohasStorageTemperature" type="string" indexed="true" docValues="true" />
    <field name="hascohasStorageTemperatureUnit" type="string" indexed="true" docValues="true" />
    <field name="hascohasNumFreezeThaw" type="string" indexed="true" docValues="true" />
    <field name="_version_" type="long" indexed="true" stored="true"/>
    <field name="_text_" type="text_general" indexed="true" stored="false" multiValued="true"/>
    <copyField source="hasURI" dest="_text_" />
  </fields>

  <uniqueKey>hasURI</uniqueKey>

  <types>
    <fieldType name="string" class="solr.StrField" />
    <fieldType name="date" class="solr.TrieDateField" precisionStep="0" positionIncrementGap="0"/>
    <fieldType name="long" class="solr.TrieLongField" precisionStep="0" positionIncrementGap="0"/>
    <fieldType name="double" class="solr.TrieDoubleField"/>
    <fieldType name="int" class="solr.TrieIntField" precisionStep="8"/>
    <fieldType name="text_general" class="solr.TextField" positionIncrementGap="100" multiValued="true">
      <analyzer type="index">
        <tokenizer class="solr.StandardTokenizerFactory"/>
        <filter class="solr.StopFilterFactory" ignoreCase="true" words="stopwords.txt" />
        <filter class="solr.LowerCaseFilterFactory"/>
      </analyzer>
      <analyzer type="query">
        <tokenizer class="solr.StandardTokenizerFactory"/>
        <filter class="solr.StopFilterFactory" ignoreCase="true" words="stopwords.txt" />
        <filter class="solr.LowerCaseFilterFactory"/>
      </analyzer>
    </fieldType>

  </types>
</schema>
